<?xml version="1.0" encoding="UTF-8"?>
<zabbix_export>
    <version>2.0</version>
    <date>2014-06-13T02:33:43Z</date>
    <groups>
        <group>
            <name>Templates</name>
        </group>
    </groups>
    <templates>
        <template>
            <template>Template Redis Auto Discovery</template>
            <name>Template Redis Auto Discovery</name>
            <groups>
                <group>
                    <name>Templates</name>
                </group>
            </groups>
            <applications>
                <application>
                    <name>Redis Low Level Discovery</name>
                </application>
            </applications>
            <items/>
            <discovery_rules>
                <discovery_rule>
                    <name>Redis Port Discovery</name>
                    <type>0</type>
                    <snmp_community/>
                    <snmp_oid/>
                    <key>redis.discovery</key>
                    <delay>3600</delay>
                    <status>0</status>
                    <allowed_hosts/>
                    <snmpv3_contextname/>
                    <snmpv3_securityname/>
                    <snmpv3_securitylevel>0</snmpv3_securitylevel>
                    <snmpv3_authprotocol>0</snmpv3_authprotocol>
                    <snmpv3_authpassphrase/>
                    <snmpv3_privprotocol>0</snmpv3_privprotocol>
                    <snmpv3_privpassphrase/>
                    <delay_flex/>
                    <params/>
                    <ipmi_sensor/>
                    <authtype>0</authtype>
                    <username/>
                    <password/>
                    <publickey/>
                    <privatekey/>
                    <port/>
                    <filter>{#REDISPORT}:</filter>
                    <lifetime>30</lifetime>
                    <description/>
                    <item_prototypes>
                        <item_prototype>
                            <name>Redis $1 Port Blocked clients</name>
                            <type>0</type>
                            <snmp_community/>
                            <multiplier>0</multiplier>
                            <snmp_oid/>
                            <key>redis_stats[{#REDISPORT},blocked_clients]</key>
                            <delay>60</delay>
                            <history>7</history>
                            <trends>365</trends>
                            <status>0</status>
                            <value_type>3</value_type>
                            <allowed_hosts/>
                            <units/>
                            <delta>0</delta>
                            <snmpv3_contextname/>
                            <snmpv3_securityname/>
                            <snmpv3_securitylevel>0</snmpv3_securitylevel>
                            <snmpv3_authprotocol>0</snmpv3_authprotocol>
                            <snmpv3_authpassphrase/>
                            <snmpv3_privprotocol>0</snmpv3_privprotocol>
                            <snmpv3_privpassphrase/>
                            <formula>1</formula>
                            <delay_flex/>
                            <params/>
                            <ipmi_sensor/>
                            <data_type>0</data_type>
                            <authtype>0</authtype>
                            <username/>
                            <password/>
                            <publickey/>
                            <privatekey/>
                            <port/>
                            <description/>
                            <inventory_link>0</inventory_link>
                            <applications>
                                <application>
                                    <name>Redis Low Level Discovery</name>
                                </application>
                            </applications>
                            <valuemap/>
                        </item_prototype>
                        <item_prototype>
                            <name>Redis $1 Port Connected clients</name>
                            <type>0</type>
                            <snmp_community/>
                            <multiplier>0</multiplier>
                            <snmp_oid/>
                            <key>redis_stats[{#REDISPORT},connected_clients]</key>
                            <delay>60</delay>
                            <history>7</history>
                            <trends>365</trends>
                            <status>0</status>
                            <value_type>3</value_type>
                            <allowed_hosts/>
                            <units/>
                            <delta>0</delta>
                            <snmpv3_contextname/>
                            <snmpv3_securityname/>
                            <snmpv3_securitylevel>0</snmpv3_securitylevel>
                            <snmpv3_authprotocol>0</snmpv3_authprotocol>
                            <snmpv3_authpassphrase/>
                            <snmpv3_privprotocol>0</snmpv3_privprotocol>
                            <snmpv3_privpassphrase/>
                            <formula>1</formula>
                            <delay_flex/>
                            <params/>
                            <ipmi_sensor/>
                            <data_type>0</data_type>
                            <authtype>0</authtype>
                            <username/>
                            <password/>
                            <publickey/>
                            <privatekey/>
                            <port/>
                            <description/>
                            <inventory_link>0</inventory_link>
                            <applications>
                                <application>
                                    <name>Redis Low Level Discovery</name>
                                </application>
                            </applications>
                            <valuemap/>
                        </item_prototype>
                        <item_prototype>
                            <name>Redis $1 Port Connected slave</name>
                            <type>0</type>
                            <snmp_community/>
                            <multiplier>0</multiplier>
                            <snmp_oid/>
                            <key>redis_stats[{#REDISPORT},connected_slave]</key>
                            <delay>60</delay>
                            <history>7</history>
                            <trends>365</trends>
                            <status>0</status>
                            <value_type>3</value_type>
                            <allowed_hosts/>
                            <units/>
                            <delta>0</delta>
                            <snmpv3_contextname/>
                            <snmpv3_securityname/>
                            <snmpv3_securitylevel>0</snmpv3_securitylevel>
                            <snmpv3_authprotocol>0</snmpv3_authprotocol>
                            <snmpv3_authpassphrase/>
                            <snmpv3_privprotocol>0</snmpv3_privprotocol>
                            <snmpv3_privpassphrase/>
                            <formula>1</formula>
                            <delay_flex/>
                            <params/>
                            <ipmi_sensor/>
                            <data_type>0</data_type>
                            <authtype>0</authtype>
                            <username/>
                            <password/>
                            <publickey/>
                            <privatekey/>
                            <port/>
                            <description/>
                            <inventory_link>0</inventory_link>
                            <applications>
                                <application>
                                    <name>Redis Low Level Discovery</name>
                                </application>
                            </applications>
                            <valuemap/>
                        </item_prototype>
                        <item_prototype>
                            <name>Redis $1 Port Connection rate</name>
                            <type>0</type>
                            <snmp_community/>
                            <multiplier>0</multiplier>
                            <snmp_oid/>
                            <key>redis_stats[{#REDISPORT},total_connections_received]</key>
                            <delay>60</delay>
                            <history>7</history>
                            <trends>365</trends>
                            <status>0</status>
                            <value_type>3</value_type>
                            <allowed_hosts/>
                            <units/>
                            <delta>1</delta>
                            <snmpv3_contextname/>
                            <snmpv3_securityname/>
                            <snmpv3_securitylevel>0</snmpv3_securitylevel>
                            <snmpv3_authprotocol>0</snmpv3_authprotocol>
                            <snmpv3_authpassphrase/>
                            <snmpv3_privprotocol>0</snmpv3_privprotocol>
                            <snmpv3_privpassphrase/>
                            <formula>1</formula>
                            <delay_flex/>
                            <params/>
                            <ipmi_sensor/>
                            <data_type>0</data_type>
                            <authtype>0</authtype>
                            <username/>
                            <password/>
                            <publickey/>
                            <privatekey/>
                            <port/>
                            <description/>
                            <inventory_link>0</inventory_link>
                            <applications>
                                <application>
                                    <name>Redis Low Level Discovery</name>
                                </application>
                            </applications>
                            <valuemap/>
                        </item_prototype>
                        <item_prototype>
                            <name>Redis $1 port Evicted_keys</name>
                            <type>0</type>
                            <snmp_community/>
                            <multiplier>0</multiplier>
                            <snmp_oid/>
                            <key>redis_stats[{#REDISPORT},evicted_keys]</key>
                            <delay>60</delay>
                            <history>7</history>
                            <trends>365</trends>
                            <status>0</status>
                            <value_type>3</value_type>
                            <allowed_hosts/>
                            <units/>
                            <delta>0</delta>
                            <snmpv3_contextname/>
                            <snmpv3_securityname/>
                            <snmpv3_securitylevel>0</snmpv3_securitylevel>
                            <snmpv3_authprotocol>0</snmpv3_authprotocol>
                            <snmpv3_authpassphrase/>
                            <snmpv3_privprotocol>0</snmpv3_privprotocol>
                            <snmpv3_privpassphrase/>
                            <formula>1</formula>
                            <delay_flex/>
                            <params/>
                            <ipmi_sensor/>
                            <data_type>0</data_type>
                            <authtype>0</authtype>
                            <username/>
                            <password/>
                            <publickey/>
                            <privatekey/>
                            <port/>
                            <description/>
                            <inventory_link>0</inventory_link>
                            <applications>
                                <application>
                                    <name>Redis Low Level Discovery</name>
                                </application>
                            </applications>
                            <valuemap/>
                        </item_prototype>
                        <item_prototype>
                            <name>Redis $1 Port Expired keys</name>
                            <type>0</type>
                            <snmp_community/>
                            <multiplier>0</multiplier>
                            <snmp_oid/>
                            <key>redis_stats[{#REDISPORT},expired_keys]</key>
                            <delay>60</delay>
                            <history>7</history>
                            <trends>365</trends>
                            <status>0</status>
                            <value_type>3</value_type>
                            <allowed_hosts/>
                            <units/>
                            <delta>0</delta>
                            <snmpv3_contextname/>
                            <snmpv3_securityname/>
                            <snmpv3_securitylevel>0</snmpv3_securitylevel>
                            <snmpv3_authprotocol>0</snmpv3_authprotocol>
                            <snmpv3_authpassphrase/>
                            <snmpv3_privprotocol>0</snmpv3_privprotocol>
                            <snmpv3_privpassphrase/>
                            <formula>1</formula>
                            <delay_flex/>
                            <params/>
                            <ipmi_sensor/>
                            <data_type>0</data_type>
                            <authtype>0</authtype>
                            <username/>
                            <password/>
                            <publickey/>
                            <privatekey/>
                            <port/>
                            <description/>
                            <inventory_link>0</inventory_link>
                            <applications>
                                <application>
                                    <name>Redis Low Level Discovery</name>
                                </application>
                            </applications>
                            <valuemap/>
                        </item_prototype>
                        <item_prototype>
                            <name>Redis $1 Port Last Save Time</name>
                            <type>0</type>
                            <snmp_community/>
                            <multiplier>0</multiplier>
                            <snmp_oid/>
                            <key>redis_stats[{#REDISPORT},last_save_time]</key>
                            <delay>60</delay>
                            <history>7</history>
                            <trends>365</trends>
                            <status>0</status>
                            <value_type>3</value_type>
                            <allowed_hosts/>
                            <units>unixtime</units>
                            <delta>0</delta>
                            <snmpv3_contextname/>
                            <snmpv3_securityname/>
                            <snmpv3_securitylevel>0</snmpv3_securitylevel>
                            <snmpv3_authprotocol>0</snmpv3_authprotocol>
                            <snmpv3_authpassphrase/>
                            <snmpv3_privprotocol>0</snmpv3_privprotocol>
                            <snmpv3_privpassphrase/>
                            <formula>1</formula>
                            <delay_flex/>
                            <params/>
                            <ipmi_sensor/>
                            <data_type>0</data_type>
                            <authtype>0</authtype>
                            <username/>
                            <password/>
                            <publickey/>
                            <privatekey/>
                            <port/>
                            <description/>
                            <inventory_link>0</inventory_link>
                            <applications>
                                <application>
                                    <name>Redis Low Level Discovery</name>
                                </application>
                            </applications>
                            <valuemap/>
                        </item_prototype>
                        <item_prototype>
                            <name>Redis $1 Port Request rate</name>
                            <type>0</type>
                            <snmp_community/>
                            <multiplier>0</multiplier>
                            <snmp_oid/>
                            <key>redis_stats[{#REDISPORT},total_commands_processed]</key>
                            <delay>60</delay>
                            <history>7</history>
                            <trends>365</trends>
                            <status>0</status>
                            <value_type>3</value_type>
                            <allowed_hosts/>
                            <units/>
                            <delta>1</delta>
                            <snmpv3_contextname/>
                            <snmpv3_securityname/>
                            <snmpv3_securitylevel>0</snmpv3_securitylevel>
                            <snmpv3_authprotocol>0</snmpv3_authprotocol>
                            <snmpv3_authpassphrase/>
                            <snmpv3_privprotocol>0</snmpv3_privprotocol>
                            <snmpv3_privpassphrase/>
                            <formula>1</formula>
                            <delay_flex/>
                            <params/>
                            <ipmi_sensor/>
                            <data_type>0</data_type>
                            <authtype>0</authtype>
                            <username/>
                            <password/>
                            <publickey/>
                            <privatekey/>
                            <port/>
                            <description/>
                            <inventory_link>0</inventory_link>
                            <applications>
                                <application>
                                    <name>Redis Low Level Discovery</name>
                                </application>
                            </applications>
                            <valuemap/>
                        </item_prototype>
                        <item_prototype>
                            <name>Redis $1 port Role</name>
                            <type>0</type>
                            <snmp_community/>
                            <multiplier>0</multiplier>
                            <snmp_oid/>
                            <key>redis_stats[{#REDISPORT},role]</key>
                            <delay>60</delay>
                            <history>7</history>
                            <trends>365</trends>
                            <status>0</status>
                            <value_type>1</value_type>
                            <allowed_hosts/>
                            <units/>
                            <delta>0</delta>
                            <snmpv3_contextname/>
                            <snmpv3_securityname/>
                            <snmpv3_securitylevel>0</snmpv3_securitylevel>
                            <snmpv3_authprotocol>0</snmpv3_authprotocol>
                            <snmpv3_authpassphrase/>
                            <snmpv3_privprotocol>0</snmpv3_privprotocol>
                            <snmpv3_privpassphrase/>
                            <formula>1</formula>
                            <delay_flex/>
                            <params/>
                            <ipmi_sensor/>
                            <data_type>0</data_type>
                            <authtype>0</authtype>
                            <username/>
                            <password/>
                            <publickey/>
                            <privatekey/>
                            <port/>
                            <description/>
                            <inventory_link>0</inventory_link>
                            <applications>
                                <application>
                                    <name>Redis Low Level Discovery</name>
                                </application>
                            </applications>
                            <valuemap/>
                        </item_prototype>
                        <item_prototype>
                            <name>Redis $1 Port Status</name>
                            <type>0</type>
                            <snmp_community/>
                            <multiplier>0</multiplier>
                            <snmp_oid/>
                            <key>net.tcp.listen[{#REDISPORT}]</key>
                            <delay>30</delay>
                            <history>7</history>
                            <trends>365</trends>
                            <status>0</status>
                            <value_type>3</value_type>
                            <allowed_hosts/>
                            <units/>
                            <delta>0</delta>
                            <snmpv3_contextname/>
                            <snmpv3_securityname/>
                            <snmpv3_securitylevel>0</snmpv3_securitylevel>
                            <snmpv3_authprotocol>0</snmpv3_authprotocol>
                            <snmpv3_authpassphrase/>
                            <snmpv3_privprotocol>0</snmpv3_privprotocol>
                            <snmpv3_privpassphrase/>
                            <formula>1</formula>
                            <delay_flex/>
                            <params/>
                            <ipmi_sensor/>
                            <data_type>0</data_type>
                            <authtype>0</authtype>
                            <username/>
                            <password/>
                            <publickey/>
                            <privatekey/>
                            <port/>
                            <description/>
                            <inventory_link>0</inventory_link>
                            <applications>
                                <application>
                                    <name>Redis Low Level Discovery</name>
                                </application>
                            </applications>
                            <valuemap/>
                        </item_prototype>
                        <item_prototype>
                            <name>Redis $1 Port Uptime in seconds</name>
                            <type>0</type>
                            <snmp_community/>
                            <multiplier>0</multiplier>
                            <snmp_oid/>
                            <key>redis_stats[{#REDISPORT},uptime_in_seconds]</key>
                            <delay>60</delay>
                            <history>7</history>
                            <trends>365</trends>
                            <status>0</status>
                            <value_type>3</value_type>
                            <allowed_hosts/>
                            <units>uptime</units>
                            <delta>0</delta>
                            <snmpv3_contextname/>
                            <snmpv3_securityname/>
                            <snmpv3_securitylevel>0</snmpv3_securitylevel>
                            <snmpv3_authprotocol>0</snmpv3_authprotocol>
                            <snmpv3_authpassphrase/>
                            <snmpv3_privprotocol>0</snmpv3_privprotocol>
                            <snmpv3_privpassphrase/>
                            <formula>1</formula>
                            <delay_flex/>
                            <params/>
                            <ipmi_sensor/>
                            <data_type>0</data_type>
                            <authtype>0</authtype>
                            <username/>
                            <password/>
                            <publickey/>
                            <privatekey/>
                            <port/>
                            <description/>
                            <inventory_link>0</inventory_link>
                            <applications>
                                <application>
                                    <name>Redis Low Level Discovery</name>
                                </application>
                            </applications>
                            <valuemap/>
                        </item_prototype>
                        <item_prototype>
                            <name>Redis $1 Port Used memory</name>
                            <type>0</type>
                            <snmp_community/>
                            <multiplier>0</multiplier>
                            <snmp_oid/>
                            <key>redis_stats[{#REDISPORT},used_memory:]</key>
                            <delay>60</delay>
                            <history>7</history>
                            <trends>365</trends>
                            <status>0</status>
                            <value_type>3</value_type>
                            <allowed_hosts/>
                            <units/>
                            <delta>0</delta>
                            <snmpv3_contextname/>
                            <snmpv3_securityname/>
                            <snmpv3_securitylevel>0</snmpv3_securitylevel>
                            <snmpv3_authprotocol>0</snmpv3_authprotocol>
                            <snmpv3_authpassphrase/>
                            <snmpv3_privprotocol>0</snmpv3_privprotocol>
                            <snmpv3_privpassphrase/>
                            <formula>1</formula>
                            <delay_flex/>
                            <params/>
                            <ipmi_sensor/>
                            <data_type>0</data_type>
                            <authtype>0</authtype>
                            <username/>
                            <password/>
                            <publickey/>
                            <privatekey/>
                            <port/>
                            <description/>
                            <inventory_link>0</inventory_link>
                            <applications>
                                <application>
                                    <name>Redis Low Level Discovery</name>
                                </application>
                            </applications>
                            <valuemap/>
                        </item_prototype>
                        <item_prototype>
                            <name>Redis $1 Port Used_memory_rss</name>
                            <type>0</type>
                            <snmp_community/>
                            <multiplier>0</multiplier>
                            <snmp_oid/>
                            <key>redis_stats[{#REDISPORT},used_memory_rss]</key>
                            <delay>60</delay>
                            <history>7</history>
                            <trends>365</trends>
                            <status>0</status>
                            <value_type>3</value_type>
                            <allowed_hosts/>
                            <units/>
                            <delta>0</delta>
                            <snmpv3_contextname/>
                            <snmpv3_securityname/>
                            <snmpv3_securitylevel>0</snmpv3_securitylevel>
                            <snmpv3_authprotocol>0</snmpv3_authprotocol>
                            <snmpv3_authpassphrase/>
                            <snmpv3_privprotocol>0</snmpv3_privprotocol>
                            <snmpv3_privpassphrase/>
                            <formula>1</formula>
                            <delay_flex/>
                            <params/>
                            <ipmi_sensor/>
                            <data_type>0</data_type>
                            <authtype>0</authtype>
                            <username/>
                            <password/>
                            <publickey/>
                            <privatekey/>
                            <port/>
                            <description/>
                            <inventory_link>0</inventory_link>
                            <applications>
                                <application>
                                    <name>Redis Low Level Discovery</name>
                                </application>
                            </applications>
                            <valuemap/>
                        </item_prototype>
                    </item_prototypes>
                    <trigger_prototypes>
                        <trigger_prototype>
                            <expression>{Template Redis Auto Discovery:net.tcp.listen[{#REDISPORT}].count(#3,0,&quot;eq&quot;)}=3</expression>
                            <name>{HOST.NAME} Redis  {#REDISPORT} port is not running</name>
                            <url/>
                            <status>0</status>
                            <priority>4</priority>
                            <description/>
                            <type>0</type>
                        </trigger_prototype>
                    </trigger_prototypes>
                    <graph_prototypes>
                        <graph_prototype>
                            <name>Redis {#REDISPORT} Port Connections</name>
                            <width>900</width>
                            <height>200</height>
                            <yaxismin>0.0000</yaxismin>
                            <yaxismax>100.0000</yaxismax>
                            <show_work_period>1</show_work_period>
                            <show_triggers>1</show_triggers>
                            <type>0</type>
                            <show_legend>1</show_legend>
                            <show_3d>0</show_3d>
                            <percent_left>0.0000</percent_left>
                            <percent_right>0.0000</percent_right>
                            <ymin_type_1>0</ymin_type_1>
                            <ymax_type_1>0</ymax_type_1>
                            <ymin_item_1>0</ymin_item_1>
                            <ymax_item_1>0</ymax_item_1>
                            <graph_items>
                                <graph_item>
                                    <sortorder>0</sortorder>
                                    <drawtype>0</drawtype>
                                    <color>C80000</color>
                                    <yaxisside>0</yaxisside>
                                    <calc_fnc>2</calc_fnc>
                                    <type>0</type>
                                    <item>
                                        <host>Template Redis Auto Discovery</host>
                                        <key>redis_stats[{#REDISPORT},blocked_clients]</key>
                                    </item>
                                </graph_item>
                                <graph_item>
                                    <sortorder>1</sortorder>
                                    <drawtype>0</drawtype>
                                    <color>00C800</color>
                                    <yaxisside>0</yaxisside>
                                    <calc_fnc>2</calc_fnc>
                                    <type>0</type>
                                    <item>
                                        <host>Template Redis Auto Discovery</host>
                                        <key>redis_stats[{#REDISPORT},connected_clients]</key>
                                    </item>
                                </graph_item>
                                <graph_item>
                                    <sortorder>2</sortorder>
                                    <drawtype>0</drawtype>
                                    <color>0000C8</color>
                                    <yaxisside>0</yaxisside>
                                    <calc_fnc>2</calc_fnc>
                                    <type>0</type>
                                    <item>
                                        <host>Template Redis Auto Discovery</host>
                                        <key>redis_stats[{#REDISPORT},total_connections_received]</key>
                                    </item>
                                </graph_item>
                                <graph_item>
                                    <sortorder>3</sortorder>
                                    <drawtype>0</drawtype>
                                    <color>C800C8</color>
                                    <yaxisside>0</yaxisside>
                                    <calc_fnc>2</calc_fnc>
                                    <type>0</type>
                                    <item>
                                        <host>Template Redis Auto Discovery</host>
                                        <key>redis_stats[{#REDISPORT},total_commands_processed]</key>
                                    </item>
                                </graph_item>
                            </graph_items>
                        </graph_prototype>
                        <graph_prototype>
                            <name>Redis {#REDISPORT} Port key</name>
                            <width>900</width>
                            <height>200</height>
                            <yaxismin>0.0000</yaxismin>
                            <yaxismax>100.0000</yaxismax>
                            <show_work_period>1</show_work_period>
                            <show_triggers>1</show_triggers>
                            <type>0</type>
                            <show_legend>1</show_legend>
                            <show_3d>0</show_3d>
                            <percent_left>0.0000</percent_left>
                            <percent_right>0.0000</percent_right>
                            <ymin_type_1>0</ymin_type_1>
                            <ymax_type_1>0</ymax_type_1>
                            <ymin_item_1>0</ymin_item_1>
                            <ymax_item_1>0</ymax_item_1>
                            <graph_items>
                                <graph_item>
                                    <sortorder>0</sortorder>
                                    <drawtype>0</drawtype>
                                    <color>C80000</color>
                                    <yaxisside>0</yaxisside>
                                    <calc_fnc>2</calc_fnc>
                                    <type>0</type>
                                    <item>
                                        <host>Template Redis Auto Discovery</host>
                                        <key>redis_stats[{#REDISPORT},evicted_keys]</key>
                                    </item>
                                </graph_item>
                                <graph_item>
                                    <sortorder>1</sortorder>
                                    <drawtype>0</drawtype>
                                    <color>00C800</color>
                                    <yaxisside>0</yaxisside>
                                    <calc_fnc>2</calc_fnc>
                                    <type>0</type>
                                    <item>
                                        <host>Template Redis Auto Discovery</host>
                                        <key>redis_stats[{#REDISPORT},expired_keys]</key>
                                    </item>
                                </graph_item>
                            </graph_items>
                        </graph_prototype>
                        <graph_prototype>
                            <name>Redis {#REDISPORT} Port Last_save_time</name>
                            <width>900</width>
                            <height>200</height>
                            <yaxismin>0.0000</yaxismin>
                            <yaxismax>100.0000</yaxismax>
                            <show_work_period>1</show_work_period>
                            <show_triggers>1</show_triggers>
                            <type>0</type>
                            <show_legend>1</show_legend>
                            <show_3d>0</show_3d>
                            <percent_left>0.0000</percent_left>
                            <percent_right>0.0000</percent_right>
                            <ymin_type_1>0</ymin_type_1>
                            <ymax_type_1>0</ymax_type_1>
                            <ymin_item_1>0</ymin_item_1>
                            <ymax_item_1>0</ymax_item_1>
                            <graph_items>
                                <graph_item>
                                    <sortorder>0</sortorder>
                                    <drawtype>0</drawtype>
                                    <color>C80000</color>
                                    <yaxisside>0</yaxisside>
                                    <calc_fnc>2</calc_fnc>
                                    <type>0</type>
                                    <item>
                                        <host>Template Redis Auto Discovery</host>
                                        <key>redis_stats[{#REDISPORT},last_save_time]</key>
                                    </item>
                                </graph_item>
                            </graph_items>
                        </graph_prototype>
                        <graph_prototype>
                            <name>Redis {#REDISPORT} Port status</name>
                            <width>900</width>
                            <height>200</height>
                            <yaxismin>0.0000</yaxismin>
                            <yaxismax>100.0000</yaxismax>
                            <show_work_period>1</show_work_period>
                            <show_triggers>1</show_triggers>
                            <type>0</type>
                            <show_legend>1</show_legend>
                            <show_3d>0</show_3d>
                            <percent_left>0.0000</percent_left>
                            <percent_right>0.0000</percent_right>
                            <ymin_type_1>0</ymin_type_1>
                            <ymax_type_1>0</ymax_type_1>
                            <ymin_item_1>0</ymin_item_1>
                            <ymax_item_1>0</ymax_item_1>
                            <graph_items>
                                <graph_item>
                                    <sortorder>0</sortorder>
                                    <drawtype>0</drawtype>
                                    <color>009900</color>
                                    <yaxisside>0</yaxisside>
                                    <calc_fnc>2</calc_fnc>
                                    <type>0</type>
                                    <item>
                                        <host>Template Redis Auto Discovery</host>
                                        <key>net.tcp.listen[{#REDISPORT}]</key>
                                    </item>
                                </graph_item>
                            </graph_items>
                        </graph_prototype>
                        <graph_prototype>
                            <name>Redis {#REDISPORT} Port Uptime_in_seconds</name>
                            <width>900</width>
                            <height>200</height>
                            <yaxismin>0.0000</yaxismin>
                            <yaxismax>100.0000</yaxismax>
                            <show_work_period>1</show_work_period>
                            <show_triggers>1</show_triggers>
                            <type>0</type>
                            <show_legend>1</show_legend>
                            <show_3d>0</show_3d>
                            <percent_left>0.0000</percent_left>
                            <percent_right>0.0000</percent_right>
                            <ymin_type_1>0</ymin_type_1>
                            <ymax_type_1>0</ymax_type_1>
                            <ymin_item_1>0</ymin_item_1>
                            <ymax_item_1>0</ymax_item_1>
                            <graph_items>
                                <graph_item>
                                    <sortorder>0</sortorder>
                                    <drawtype>0</drawtype>
                                    <color>00BB00</color>
                                    <yaxisside>0</yaxisside>
                                    <calc_fnc>2</calc_fnc>
                                    <type>0</type>
                                    <item>
                                        <host>Template Redis Auto Discovery</host>
                                        <key>redis_stats[{#REDISPORT},uptime_in_seconds]</key>
                                    </item>
                                </graph_item>
                            </graph_items>
                        </graph_prototype>
                        <graph_prototype>
                            <name>Redis {#REDISPORT} Port Used memory</name>
                            <width>900</width>
                            <height>200</height>
                            <yaxismin>0.0000</yaxismin>
                            <yaxismax>100.0000</yaxismax>
                            <show_work_period>1</show_work_period>
                            <show_triggers>1</show_triggers>
                            <type>0</type>
                            <show_legend>1</show_legend>
                            <show_3d>0</show_3d>
                            <percent_left>0.0000</percent_left>
                            <percent_right>0.0000</percent_right>
                            <ymin_type_1>0</ymin_type_1>
                            <ymax_type_1>0</ymax_type_1>
                            <ymin_item_1>0</ymin_item_1>
                            <ymax_item_1>0</ymax_item_1>
                            <graph_items>
                                <graph_item>
                                    <sortorder>0</sortorder>
                                    <drawtype>0</drawtype>
                                    <color>C80000</color>
                                    <yaxisside>0</yaxisside>
                                    <calc_fnc>2</calc_fnc>
                                    <type>0</type>
                                    <item>
                                        <host>Template Redis Auto Discovery</host>
                                        <key>redis_stats[{#REDISPORT},used_memory:]</key>
                                    </item>
                                </graph_item>
                                <graph_item>
                                    <sortorder>1</sortorder>
                                    <drawtype>0</drawtype>
                                    <color>00C800</color>
                                    <yaxisside>0</yaxisside>
                                    <calc_fnc>2</calc_fnc>
                                    <type>0</type>
                                    <item>
                                        <host>Template Redis Auto Discovery</host>
                                        <key>redis_stats[{#REDISPORT},used_memory_rss]</key>
                                    </item>
                                </graph_item>
                            </graph_items>
                        </graph_prototype>
                    </graph_prototypes>
                    <host_prototypes/>
                </discovery_rule>
            </discovery_rules>
            <macros/>
            <templates/>
            <screens/>
        </template>
    </templates>
</zabbix_export> 
